<?xml version="1.0" encoding="UTF-8"?>
<?xml-stylesheet type="text/css" href="idempiereDocument.css"?>

<idempiereDocument>
    <header>nTier Bank Statement Matching Package Description</header>
    <H1>Package Name:</H1>
    <packagename>nTier Bank Statement Matching</packagename>
    <H1>Author:</H1>
    <Name:/>
    <H1>Email Address:</H1>
    <Email>ngordon@ntier.co.za</Email>
    <H1>Created:</H1>
    <Date>2015-07-13 15:48:28.052</Date>
    <H1>Updated:</H1>
    <Date>2015-07-13 15:48:28.052</Date>
    <H1>Description:</H1>
    <description>.</description>
    <H1>Instructions:</H1>
    <instructions>.</instructions>
    <H1>Files in Package:</H1>
    <file>File: PackOut.xml</file>
    <filedirectory>Directory: \dict\</filedirectory>
    <filenotes>Notes: Contains all application/object settings for package</filenotes>
    <H1>Client:</H1>
    <Client>0-SYSTEM-System *** TEST ***</Client>
</idempiereDocument>
